W,cos_th,cs,dcs
1.625,-0.1,79.0523,15.4903
1.625,0,60.463,12.3692
1.625,0.1,53.492,11.2242
1.625,0.2,82.3468,15.6745
1.625,0.3,85.4503,15.2811
1.625,0.4,80.4051,14.4318
1.625,0.5,77.9382,15.5989
1.625,0.6,91.0048,18.9308
1.625,0.7,115.562,26.5231
1.635,-0.5,65.54,14.8605
1.635,-0.4,73.1794,14.1508
1.635,-0.3,87.5511,16.2077
1.635,-0.2,74.4686,14.245
1.635,-0.1,67.2111,12.6183
1.635,0,75.7578,12.327
1.635,0.1,84.6227,12.9269
1.635,0.2,97.2914,14.3996
1.635,0.3,88.5538,14.4821
1.635,0.4,100.188,18.0981
1.635,0.5,89.0631,15.9978
1.635,0.6,83.2062,13.7779
1.635,0.7,94.8086,14.885
1.635,0.8,74.7869,19.0229
1.645,-0.5,91.6096,16.869
1.645,-0.4,80.1504,13.8669
1.645,-0.3,81.6306,14.4609
1.645,-0.2,91.0207,16.1602
1.645,-0.1,65.6196,12.6837
1.645,0,101.063,15.3268
1.645,0.1,105.504,14.8095
1.645,0.2,111.997,16.7077
1.645,0.3,134.438,22.0733
1.645,0.4,107.652,15.711
1.645,0.5,111.504,15.2103
1.645,0.6,165.171,21.3804
1.645,0.7,162.163,21.9879
1.645,0.8,172.206,24.9457
1.655,-0.1,101.716,15.074
1.655,0,111.886,15.3686
1.655,0.1,129.632,16.8768
1.655,0.2,144.051,21.6798
1.655,0.3,151.006,20.9786
1.655,0.4,138.528,16.7892
1.655,0.5,157.388,18.9753
1.655,0.6,162.036,19.9014
1.655,0.7,149.446,19.2163
1.655,0.8,179.766,24.2111
1.665,0,143.446,18.8254
1.665,0.1,166.778,21.5752
1.665,0.2,161.813,25.9913
1.665,0.3,167.606,21.311
1.665,0.4,161.017,19.3831
1.665,0.5,174.816,21.3858
1.665,0.6,191.336,23.5252
1.665,0.7,211.549,26.6852
1.665,0.8,203.702,27.2471
1.675,-0.5,167.383,27.5513
1.675,-0.4,176.391,23.2427
1.675,-0.3,157.309,20.696
1.675,-0.2,177.171,22.6437
1.675,-0.1,187.405,23.5299
1.675,0,166.285,19.1359
1.675,0.1,186.482,21.3953
1.675,0.2,182.455,25.6303
1.675,0.3,217.708,24.3124
1.675,0.4,204.387,22.6205
1.675,0.5,214.477,24.7495
1.675,0.6,226.891,26.1668
1.675,0.7,255.062,30.2598
1.675,0.8,260.553,31.7229
1.685,-0.5,151.85,20.6577
1.685,-0.4,153.441,19.3721
1.685,-0.3,188.217,22.7416
1.685,-0.2,194.646,23.4971
1.685,-0.1,203.862,23.2547
1.685,0,177.585,19.8553
1.685,0.1,194.615,21.3591
1.685,0.2,205.565,25.0913
1.685,0.3,204.737,22.3871
1.685,0.4,224.918,24.2763
1.685,0.5,224.042,24.3544
1.685,0.6,260.027,29.0513
1.685,0.7,305.371,34.2898
1.685,0.8,289.614,33.6862
1.695,-0.5,131.796,18.4696
1.695,-0.4,151.006,71.3111
1.695,-0.3,173.208,19.642
1.695,-0.2,164.375,18.5857
1.695,-0.1,170.55,19.3102
1.695,0,163.102,18.141
1.695,0.1,221.432,23.8341
1.695,0.2,203.432,23.9907
1.695,0.3,228.594,24.3277
1.695,0.4,251.767,26.6498
1.695,0.5,255.062,27.0081
1.695,0.6,270.532,28.9072
1.695,0.7,300.357,35.3396
1.695,0.8,311.403,49.0114
1.705,-0.5,168.816,64.9704
1.705,-0.4,155.574,68.8796
1.705,-0.3,149.224,20.1097
1.705,-0.2,163.579,29.7989
1.705,-0.1,179.017,21.1698
1.705,0,156.672,17.6231
1.705,0.1,204.212,22.0645
1.705,0.2,239.846,27.2146
1.705,0.3,233.512,25.0285
1.705,0.4,254.966,27.1379
1.705,0.5,271.932,28.8001
1.705,0.6,308.872,32.8784
1.705,0.7,341.021,36.4857
1.705,0.8,383.293,42.4956
1.705,0.88,418.196,53.4849
1.715,-0.5,125.255,42.869
1.715,-0.4,135.775,24.9606
1.715,-0.3,141.218,24.2932
1.715,-0.2,165.473,19.4813
1.715,-0.1,158.837,18.1591
1.715,0,158.709,18.739
1.715,0.1,211.851,22.6811
1.715,0.2,238.319,26.3412
1.715,0.3,241.358,25.459
1.715,0.4,263.019,27.7102
1.715,0.5,305.498,31.9324
1.715,0.6,324.947,33.9924
1.715,0.7,334.591,36.4466
1.715,0.8,415.776,50.3834
1.715,0.88,418.387,51.5575
1.725,-0.5,101.445,36.6375
1.725,-0.4,115.324,17.2024
1.725,-0.3,126.035,15.9579
1.725,-0.2,134.9,16.5003
1.725,-0.1,158.789,19.48
1.725,0,163.325,18.2953
1.725,0.1,198.864,21.9851
1.725,0.2,231.109,25.6422
1.725,0.3,251.751,27.7736
1.725,0.4,278.887,29.2831
1.725,0.5,318.533,33.2221
1.725,0.6,317.705,33.2394
1.725,0.7,353.276,37.2592
1.725,0.8,417.766,46.8476
1.725,0.89,564.745,175.086
1.735,-0.4,79.6889,17.9415
1.735,-0.3,112.061,13.1472
1.735,-0.2,140.009,15.598
1.735,-0.1,153.935,18.8447
1.735,0,165.553,18.5804
1.735,0.1,194.44,20.7822
1.735,0.2,235.581,25.9718
1.735,0.3,226.971,25.3686
1.735,0.4,271.311,28.4074
1.735,0.5,316.798,32.9097
1.735,0.6,323.88,33.5709
1.735,0.7,365.356,38.1503
1.735,0.8,405.24,45.2143
1.745,-0.4,156.354,32.3299
1.745,-0.3,101.939,13.4885
1.745,-0.2,135.632,15.2063
1.745,-0.1,162.545,17.86
1.745,0,170.566,18.6828
1.745,0.1,196.047,20.9833
1.745,0.2,244.319,26.4519
1.745,0.3,230.568,24.1341
1.745,0.4,259.279,27.0165
1.745,0.5,293.004,30.5348
1.745,0.6,336.135,34.9698
1.745,0.7,343.043,36.7427
1.745,0.8,392.397,42.5693
1.745,0.89,349.663,46.8692
1.755,-0.4,112.347,17.9921
1.755,-0.3,112.538,14.3556
1.755,-0.2,143.319,17.5461
1.755,-0.1,151.993,23.3289
1.755,0,145.07,21.1498
1.755,0.1,186.259,23.086
1.755,0.2,224.281,24.6592
1.755,0.3,234.26,24.4964
1.755,0.4,249.316,26.0945
1.755,0.5,311.259,32.3593
1.755,0.6,314.124,34.1702
1.755,0.7,331.01,34.6374
1.755,0.8,372.534,40.9085
1.755,0.89,344.029,46.7402
1.765,-0.5,94.4585,23.3977
1.765,-0.4,99.5514,16.0497
1.765,-0.3,112.936,17.7328
1.765,-0.2,122.629,18.0127
1.765,-0.1,138.719,19.7466
1.765,0,154.953,16.901
1.765,0.1,183.012,19.4404
1.765,0.2,221.973,24.0158
1.765,0.3,235.215,24.4704
1.765,0.4,238.287,24.8052
1.765,0.5,269.704,28.0185
1.765,0.6,318.087,32.9996
1.765,0.7,317.116,33.5801
1.765,0.8,367.918,39.6754
1.765,0.89,422.063,61.0553
1.775,-0.5,94.8404,14.9608
1.775,-0.4,106.188,14.1646
1.775,-0.3,122.295,13.6221
1.775,-0.2,136.268,14.7639
1.775,-0.1,163.627,17.8045
1.775,0,159.266,17.291
1.775,0.1,195.49,20.8471
1.775,0.2,229.867,24.6541
1.775,0.3,241.231,25.0194
1.775,0.4,250.765,27.1815
1.775,0.5,257.99,29.7197
1.775,0.6,303.97,32.8523
1.775,0.7,334.703,38.7909
1.775,0.8,335.897,37.4606
1.785,-0.5,73.9434,20.9409
1.785,-0.4,98.1031,16.124
1.785,-0.3,117.695,16.327
1.785,-0.2,132.687,14.4278
1.785,-0.1,160.046,17.8105
1.785,0,172.683,18.5691
1.785,0.1,209.384,22.2184
1.785,0.2,230.249,24.771
1.785,0.3,206.504,22.1306
1.785,0.4,234.021,26.476
1.785,0.5,279.094,29.1016
1.785,0.6,288.102,29.8933
1.785,0.7,326.093,34.0375
1.785,0.8,327.62,35.6114
1.795,-0.6,98.692,33.098
1.795,-0.5,110.931,13.6801
1.795,-0.4,114.767,13.0857
1.795,-0.3,119.525,13.3385
1.795,-0.2,140.868,15.2681
1.795,-0.1,163.261,17.7396
1.795,0,171.33,19.454
1.795,0.1,207.379,24.1778
1.795,0.2,208.238,25.4198
1.795,0.3,231.491,24.3523
1.795,0.4,255.125,27.0934
1.795,0.5,277.216,28.802
1.795,0.6,317.673,32.7258
1.795,0.7,314.045,37.757
1.805,-0.6,104.979,29.616
1.805,-0.5,110.056,20.4907
1.805,-0.4,115.244,17.1734
1.805,-0.3,115.371,13.4961
1.805,-0.2,138.242,14.8924
1.805,-0.1,158.439,17.0455
1.805,0,174.864,18.6311
1.805,0.1,200.249,21.1724
1.805,0.2,223.66,26.3978
1.805,0.3,222.18,23.4844
1.805,0.4,255.682,26.5057
1.805,0.5,267.253,27.656
1.805,0.6,301.026,30.9502
1.805,0.7,324.692,33.5711
1.805,0.8,344.57,37.135
1.805,0.89,388.8,50.7866
1.815,-0.7,83.3972,39.5947
1.815,-0.6,102.209,17.6355
1.815,-0.5,108.082,14.5602
1.815,-0.4,122.422,13.8133
1.815,-0.3,123.632,13.7009
1.815,-0.2,144.879,15.6751
1.815,-0.1,170.041,18.4632
1.815,0,180.195,19.3848
1.815,0.1,221.082,23.6571
1.815,0.2,232.78,25.3457
1.815,0.3,231.618,24.0939
1.815,0.4,269.29,28.0223
1.815,0.5,287.338,29.8583
1.815,0.6,318.485,32.9919
1.815,0.7,335.721,34.8435
1.815,0.8,340.91,37.3518
1.815,0.89,355.886,44.5903
1.825,-0.7,79.6093,32.9195
1.825,-0.6,99.5992,15.279
1.825,-0.5,118.077,13.5685
1.825,-0.4,109.865,12.2609
1.825,-0.3,114.003,13.1994
1.825,-0.2,137.367,14.6839
1.825,-0.1,159.457,17.1873
1.825,0,176.296,18.7223
1.825,0.1,197.288,20.8925
1.825,0.2,208.445,22.0613
1.825,0.3,230.504,23.8387
1.825,0.4,249.316,25.8122
1.825,0.5,267.603,27.5941
1.825,0.6,287.593,29.508
1.825,0.7,332.459,34.2682
1.825,0.8,344.793,37.3363
1.825,0.89,367.887,46.8531
1.835,-0.6,95.5566,31.6375
1.835,-0.5,119.414,19.6183
1.835,-0.4,116.995,13.6433
1.835,-0.3,121.117,13.2786
1.835,-0.2,134.852,14.4375
1.835,-0.1,160.142,17.2568
1.835,0,175.023,18.6242
1.835,0.1,218.106,23.0629
1.835,0.2,223.692,23.5318
1.835,0.3,230.472,23.7955
1.835,0.4,247.104,25.5779
1.835,0.5,265.12,27.4499
1.835,0.6,285.715,29.3394
1.835,0.7,326.013,33.5622
1.835,0.8,359.404,38.2802
1.845,-0.7,98.9785,15.7404
1.845,-0.6,101.429,12.7076
1.845,-0.5,111.902,12.7887
1.845,-0.4,118.411,13.1269
1.845,-0.3,123.982,13.4095
1.845,-0.2,138.21,14.6646
1.845,-0.1,162.975,17.3342
1.845,0,175.293,18.4819
1.845,0.1,208.636,21.9723
1.845,0.2,215.321,22.56
1.845,0.3,239.019,24.6243
1.845,0.4,241.311,24.9486
1.845,0.5,274.049,28.1971
1.845,0.6,274.272,28.1138
1.845,0.7,301.997,31.0707
1.845,0.8,318.437,33.8861
1.845,0.89,284.33,34.7019
1.855,-0.6,110.39,13.0219
1.855,-0.5,110.708,12.7707
1.855,-0.4,116.199,12.7256
1.855,-0.3,129.632,13.9104
1.855,-0.2,142.157,15.1384
1.855,-0.1,160.667,17.6167
1.855,0,181.071,20.1747
1.855,0.1,204.53,21.7346
1.855,0.2,218.201,22.926
1.855,0.3,228.642,23.5673
1.855,0.4,256.558,26.6582
1.855,0.5,274.908,28.4367
1.855,0.6,295.598,30.4606
1.855,0.7,317.88,32.7344
1.855,0.8,311.45,33.3087
1.865,-0.7,98.4214,13.3637
1.865,-0.6,112.745,13.0748
1.865,-0.5,120.608,13.5789
1.865,-0.4,124.093,13.6748
1.865,-0.3,125.335,13.5833
1.865,-0.2,142.921,15.1778
1.865,-0.1,167.256,17.7639
1.865,0,187.309,19.7426
1.865,0.1,223.549,23.6345
1.865,0.2,222.849,23.2296
1.865,0.3,219.65,22.6409
1.865,0.4,253.152,26.1546
1.865,0.5,266.632,27.4275
1.865,0.6,286.049,29.291
1.865,0.7,312.469,32.1597
1.865,0.8,316.702,33.9414
1.865,0.89,311.275,38.1144
1.875,-0.8,108.942,28.8869
1.875,-0.7,120.783,39.9096
1.875,-0.6,126.258,17.6397
1.875,-0.5,139.101,16.1051
1.875,-0.4,124.937,14.8816
1.875,-0.3,138.847,15.0204
1.875,-0.2,140.868,14.9846
1.875,-0.1,174.147,18.4612
1.875,0,188.296,19.8413
1.875,0.1,230.504,24.4115
1.875,0.2,224.981,23.4521
1.875,0.3,224.775,23.323
1.875,0.4,251.847,26.0084
1.875,0.5,267.969,27.5762
1.875,0.6,288.293,29.5481
1.875,0.7,299.243,30.7731
1.875,0.8,319.567,34.0414
1.875,0.89,373.473,45.1668
1.885,-0.7,113.637,15.4641
1.885,-0.6,118.857,14.2158
1.885,-0.5,131.096,16.3605
1.885,-0.4,127.228,13.7703
1.885,-0.3,126.369,13.5145
1.885,-0.2,150.37,15.8863
1.885,-0.1,174.561,18.4741
1.885,0,167.336,17.6566
1.885,0.1,218.965,23.2492
1.885,0.2,198.753,20.6759
1.885,0.3,223.422,23.0377
1.885,0.4,243.157,25.1272
1.885,0.5,242.584,25.5204
1.885,0.6,272.983,28.827
1.885,0.7,295.296,30.4938
1.885,0.8,303.89,32.3286
1.885,0.89,359.786,44.8831
1.895,-0.8,131.557,23.6653
1.895,-0.7,124.316,16.493
1.895,-0.6,132.99,15.4573
1.895,-0.5,139.722,15.4615
1.895,-0.4,137.016,14.7373
1.895,-0.3,145.42,15.5106
1.895,-0.2,143.367,15.1159
1.895,-0.1,163.468,17.359
1.895,0,175.532,18.5096
1.895,0.1,203.75,21.645
1.895,0.2,197.957,20.6082
1.895,0.3,216.307,22.3364
1.895,0.4,232.048,24.6365
1.895,0.5,255.173,26.9512
1.895,0.6,279.667,28.6892
1.895,0.7,301.089,30.9564
1.895,0.8,324.024,34.4385
1.895,0.89,339.223,43.0359
1.905,-0.8,113.271,20.162
1.905,-0.7,113.684,16.8918
1.905,-0.5,123.998,15.0328
1.905,-0.4,116.661,12.9484
1.905,-0.3,119.923,12.8441
1.905,-0.2,125.589,13.3261
1.905,-0.1,140.979,15.0894
1.905,0,155.781,16.5281
1.905,0.1,181.389,19.4495
1.905,0.2,185.845,19.4618
1.905,0.3,214.541,22.7051
1.905,0.4,234.117,24.4366
1.905,0.5,256.781,26.3734
1.905,0.6,275.402,28.2102
1.905,0.7,296.728,30.434
1.905,0.8,330.867,34.9171
1.905,0.89,349.075,41.6454
1.915,-0.8,124.873,19.0629
1.915,-0.7,106.363,13.4281
1.915,-0.6,119.334,13.563
1.915,-0.5,107.668,12.0076
1.915,-0.4,110.597,11.978
1.915,-0.3,111.743,11.9494
1.915,-0.2,121.785,12.8674
1.915,-0.1,136.666,15.6413
1.915,0,160.046,17.7207
1.915,0.1,171.84,20.1319
1.915,0.2,186.164,19.6239
1.915,0.3,204.594,21.2681
1.915,0.4,231.65,23.9658
1.915,0.5,260.187,26.6909
1.915,0.6,277.487,28.3373
1.915,0.7,319.87,32.701
1.915,0.8,326.172,34.3062
1.915,0.89,397.999,46.8923
1.925,-0.8,142.364,22.8127
1.925,-0.7,118.602,15.2567
1.925,-0.6,113.557,13.1851
1.925,-0.5,99.4082,11.3411
1.925,-0.4,96.9094,10.7135
1.925,-0.3,111.568,12.0556
1.925,-0.2,112.618,12.0766
1.925,-0.1,129.425,13.9261
1.925,0,146.263,15.4981
1.925,0.1,160.587,17.3279
1.925,0.2,185.591,19.2966
1.925,0.3,216.037,22.3103
1.925,0.4,230.95,23.9479
1.925,0.5,250.001,25.7175
1.925,0.6,289.232,29.619
1.925,0.7,305.641,31.3884
1.925,0.8,329.244,34.2991
1.925,0.89,400.084,47.8657
1.935,-0.8,127.626,19.3398
1.935,-0.7,108.369,13.2498
1.935,-0.6,103.148,12.2483
1.935,-0.5,108.034,13.0862
1.935,-0.4,85.1638,12.5478
1.935,-0.3,81.8852,9.33785
1.935,-0.2,105.87,11.3044
1.935,-0.1,119.7,12.8348
1.935,0,137.001,14.4465
1.935,0.1,170.773,18.3216
1.935,0.2,173.001,17.9093
1.935,0.3,206.36,21.2476
1.935,0.4,220.541,22.7782
1.935,0.5,241.04,24.7501
1.935,0.6,269.115,27.5415
1.935,0.7,317.689,32.5078
1.935,0.8,320.793,33.2065
1.935,0.89,403.06,46.0779
1.945,-0.8,153.282,23.4733
1.945,-0.7,105.504,14.5989
1.945,-0.6,98.4851,11.6075
1.945,-0.5,101.223,12.1391
1.945,-0.4,87.6944,10.0003
1.945,-0.3,89.4292,10.183
1.945,-0.2,96.6707,11.6278
1.945,-0.1,109.912,11.9771
1.945,0,137.16,14.5496
1.945,0.1,165.76,17.897
1.945,0.2,168.688,17.5272
1.945,0.3,202.7,20.9799
1.945,0.4,234.817,24.3973
1.945,0.5,244.494,25.459
1.945,0.6,284.569,29.1673
1.945,0.7,323.801,33.1869
1.945,0.8,331.615,34.474
1.945,0.89,374.126,42.4632
1.965,-0.9,163.739,38.7977
1.965,-0.8,141.441,23.6253
1.965,-0.69,123.584,45.7241
1.965,-0.6,96.4956,16.0394
1.965,-0.5,76.8718,11.3187
1.965,-0.4,71.6356,7.60805
1.965,-0.3,76.4899,8.02724
1.965,-0.2,84.0497,8.7506
1.965,-0.1,98.1986,10.2292
1.965,0,118.141,12.1716
1.965,0.1,145.038,15.0782
1.965,0.2,157.802,16.0703
1.965,0.3,190.349,19.3428
1.965,0.4,217.453,22.0921
1.965,0.5,227.56,23.0691
1.965,0.6,272.648,27.6797
1.965,0.7,303.827,30.7458
1.965,0.8,353.738,35.9793
1.965,0.89,352.878,38.2111
1.975,-0.9,133.404,30.252
1.975,-0.8,124.746,15.9649
1.975,-0.7,106.156,11.5819
1.975,-0.6,81.2963,8.83282
1.975,-0.5,68.1501,7.40505
1.975,-0.4,59.1579,6.37933
1.975,-0.3,62.9935,6.70876
1.975,-0.2,73.5455,7.71771
1.975,-0.1,94.4266,9.88634
1.975,0,98.9307,10.2606
1.975,0.1,137.669,14.3754
1.975,0.2,144.083,14.6997
1.975,0.3,184.874,18.819
1.975,0.4,206.933,21.0604
1.975,0.5,226.111,22.9315
1.975,0.6,255.762,25.8962
1.975,0.7,286.463,29.0157
1.975,0.8,308.601,31.4441
1.975,0.89,344.809,37.9568
1.985,-0.9,98.0076,23.0236
1.985,-0.8,147.632,19.2787
1.985,-0.7,91.2276,10.689
1.985,-0.6,76.6649,8.36973
1.985,-0.5,63.1209,6.97178
1.985,-0.4,56.5478,6.74485
1.985,-0.3,56.2772,5.996
1.985,-0.2,66.6223,7.00996
1.985,-0.1,80.2618,8.44487
1.985,0,107.35,11.1148
1.985,0.1,128.327,13.3982
1.985,0.2,146.136,14.9073
1.985,0.3,176.694,17.9798
1.985,0.4,198.753,20.2241
1.985,0.5,241.39,24.4673
1.985,0.6,258.452,26.2347
1.985,0.7,296.792,30.0458
1.985,0.8,298.002,30.3581
1.985,0.89,291.954,31.4222
1.995,-0.9,115.085,38.7823
1.995,-0.8,118.395,15.2607
1.995,-0.7,84.8296,9.4878
1.995,-0.6,69.5666,7.75268
1.995,-0.5,62.9458,7.1798
1.995,-0.4,48.3513,6.33316
1.995,-0.3,52.9986,5.71882
1.995,-0.2,57.8687,6.15641
1.995,-0.1,81.1213,8.59257
1.995,0,99.8379,10.4134
1.995,0.1,125.86,13.2
1.995,0.2,141.139,14.4409
1.995,0.3,175.755,17.9303
1.995,0.4,194.169,19.7952
1.995,0.5,225.077,22.8539
1.995,0.6,250.876,25.4318
1.995,0.7,295.137,29.918
1.995,0.8,297.795,30.3811
1.995,0.89,302.967,34.5386
2.005,-0.9,95.1428,19.3961
2.005,-0.8,114.416,14.1491
2.005,-0.7,79.3069,8.67568
2.005,-0.6,57.4549,6.34391
2.005,-0.5,46.1072,5.12089
2.005,-0.4,46.1708,5.02745
2.005,-0.3,46.1231,4.93339
2.005,-0.2,53.5875,5.68892
2.005,-0.1,72.2086,7.95018
2.005,0,87.6148,9.11961
2.005,0.1,113.525,11.8709
2.005,0.2,132.067,13.4746
2.005,0.3,163.022,16.592
2.005,0.4,189.585,19.2908
2.005,0.5,207.283,21.0088
2.005,0.6,247.581,25.0535
2.005,0.7,261.985,26.5183
2.005,0.8,281.545,28.649
2.005,0.89,308.824,34.7277
2.015,-0.9,128.868,33.8691
2.015,-0.8,118.284,15.2521
2.015,-0.7,66.3835,7.49037
2.015,-0.6,56.4523,6.41166
2.015,-0.5,44.3565,5.01484
2.015,-0.4,35.3961,3.97753
2.015,-0.3,37.6561,4.15268
2.015,-0.2,47.1735,5.08335
2.015,-0.1,64.6806,6.88908
2.015,0,79.482,8.32223
2.015,0.1,110.804,11.6595
2.015,0.2,127.483,13.0524
2.015,0.3,150.465,15.3828
2.015,0.4,185.002,18.8527
2.015,0.5,212.742,21.5923
2.015,0.6,236.775,24.0042
2.015,0.7,248.441,25.1864
2.015,0.8,283.646,28.925
2.015,0.89,337.281,38.9497
2.025,-0.9,102.193,21.8716
2.025,-0.8,94.4903,12.4359
2.025,-0.7,71.8903,8.06733
2.025,-0.6,45.8048,5.22535
2.025,-0.5,42.1442,4.78215
2.025,-0.4,32.3562,3.62003
2.025,-0.3,34.1069,3.73728
2.025,-0.2,42.3989,4.58711
2.025,-0.1,58.76,6.2675
2.025,0,77.6835,8.15064
2.025,0.1,101.589,10.7197
2.025,0.2,121.865,12.4629
2.025,0.3,150.163,15.3241
2.025,0.4,167.288,17.047
2.025,0.5,201.665,20.4655
2.025,0.6,227.098,23.0157
2.025,0.7,259.693,26.3198
2.025,0.8,273.81,27.8983
2.025,0.89,272.203,29.6906
2.035,-0.8,86.0392,11.0236
2.035,-0.7,60.8609,6.84623
2.035,-0.6,49.3221,5.58028
2.035,-0.5,41.0142,4.68287
2.035,-0.4,28.6161,3.26671
2.035,-0.3,34.0432,3.75127
2.035,-0.2,43.6562,4.72155
2.035,-0.1,55.7042,5.95341
2.035,0,82.2035,8.61999
2.035,0.1,105.122,11.0259
2.035,0.2,122.979,12.5818
2.035,0.3,149.415,15.2476
2.035,0.4,177.792,18.0877
2.035,0.5,207.347,21.0309
2.035,0.6,232.669,23.5606
2.035,0.7,272.012,27.5435
2.035,0.8,286.001,29.1016
2.035,0.89,290.808,33.0221
2.045,-0.9,93.9332,22.5633
2.045,-0.8,93.233,12.4984
2.045,-0.7,55.4814,6.37278
2.045,-0.6,43.1787,4.99675
2.045,-0.5,32.4994,4.08016
2.045,-0.4,27.9635,3.21755
2.045,-0.3,29.1413,3.26848
2.045,-0.2,36.8603,4.06041
2.045,-0.1,54.988,5.92121
2.045,0,74.771,7.90398
2.045,0.1,92.6441,9.78569
2.045,0.2,108.926,11.1936
2.045,0.3,145.102,14.9417
2.045,0.4,169.564,17.292
2.045,0.5,191.623,19.471
2.045,0.6,230.297,23.3522
2.045,0.7,254.759,25.8438
2.045,0.8,268.033,27.3316
2.045,0.89,343.058,39.1176
2.055,-0.9,86.8668,39.809
2.055,-0.8,71.6675,9.64965
2.055,-0.7,53.8103,6.14156
2.055,-0.6,40.5049,4.75088
2.055,-0.5,29.3004,3.42142
2.055,-0.4,24.2552,2.83322
2.055,-0.3,25.3216,2.84869
2.055,-0.2,33.0724,3.62988
2.055,-0.1,51.0092,5.47515
2.055,0,72.1768,7.61738
2.055,0.1,92.1825,9.66264
2.055,0.2,111.408,11.4072
2.055,0.3,141.059,14.4067
2.055,0.4,171.378,17.4486
2.055,0.5,187.453,19.0217
2.055,0.6,228.944,23.1877
2.055,0.7,277.248,28.0807
2.055,0.8,278.489,28.3428
2.055,0.89,278.792,32.0471
2.065,-0.9,84.9728,19.7327
2.065,-0.8,74.023,10.0059
2.065,-0.7,54.3355,6.31342
2.065,-0.6,38.6587,4.51047
2.065,-0.5,29.5392,3.59734
2.065,-0.4,25.608,2.99015
2.065,-0.3,26.2765,2.96276
2.065,-0.2,33.6135,3.72594
2.065,-0.1,46.6165,5.04987
2.065,0,74.3254,7.90425
2.065,0.1,89.079,9.39194
2.065,0.2,108.623,11.3146
2.065,0.3,143.653,15.008
2.065,0.4,172.222,17.8633
2.065,0.5,196.429,19.947
2.065,0.6,225.65,22.8755
2.065,0.7,253.741,25.7248
2.065,0.8,277.869,28.2672
2.065,0.89,310.384,34.5811
2.075,-0.9,75.519,28.1671
2.075,-0.8,71.4606,9.42376
2.075,-0.7,47.5555,5.4635
2.075,-0.6,32.5949,3.77781
2.075,-0.5,26.9449,3.15398
2.075,-0.4,24.1916,2.82777
2.075,-0.3,24.6054,2.75597
2.075,-0.2,32.6586,3.79136
2.075,-0.1,43.8313,4.84015
2.075,0,69.0255,7.59449
2.075,0.1,85.88,8.99935
2.075,0.2,101,10.3568
2.075,0.3,130.475,13.3219
2.075,0.4,159.139,16.1898
2.075,0.5,189.697,19.2429
2.075,0.6,217.724,22.0446
2.075,0.7,251.401,25.4505
2.075,0.8,279.428,28.3613
2.075,0.89,291.11,33.262
2.085,-0.9,74.8824,20.8553
2.085,-0.8,68.6594,9.52713
2.085,-0.7,47.4123,5.8285
2.085,-0.6,39.1521,4.53667
2.085,-0.5,26.9449,3.40694
2.085,-0.4,25.0669,2.95232
2.085,-0.3,23.6186,3.19293
2.085,-0.2,33.1361,4.44334
2.085,-0.1,45.8207,5.70926
2.085,0,65.5559,7.89122
2.085,0.1,79.5138,8.39399
2.085,0.2,103.18,10.6088
2.085,0.3,141.68,14.5142
2.085,0.4,166.667,16.9954
2.085,0.5,197.384,20.0663
2.085,0.6,228.165,23.1314
2.085,0.7,273.603,27.739
2.085,0.8,287.609,29.2451
2.085,0.89,316.973,38.311
2.095,-0.9,94.2356,43.7753
2.095,-0.8,79.9276,10.8605
2.095,-0.7,46.6642,5.37028
2.095,-0.6,36.2555,4.22252
2.095,-0.5,28.6638,3.40089
2.095,-0.4,24.7327,2.89881
2.095,-0.3,24.4144,2.7759
2.095,-0.2,32.4358,3.68589
2.095,-0.1,40.9028,4.4492
2.095,0,65.6196,7.02729
2.095,0.1,77.3652,8.15989
2.095,0.2,98.2941,10.1304
2.095,0.3,125.732,12.917
2.095,0.4,151.866,15.4973
2.095,0.5,184.015,18.6913
2.095,0.6,222.244,22.5111
2.095,0.7,260.362,26.3731
2.095,0.8,283.917,28.8227
2.095,0.89,310.989,37.2297
2.105,-0.9,92.1507,21.7374
2.105,-0.8,75.328,10.124
2.105,-0.7,46.8393,5.35437
2.105,-0.6,37.2263,4.30617
2.105,-0.5,30.4145,3.52532
2.105,-0.4,23.0616,2.7148
2.105,-0.3,24.0165,2.71086
2.105,-0.2,29.3482,3.28694
2.105,-0.1,40.8869,4.4353
2.105,0,57.3117,6.19634
2.105,0.1,66.0811,6.95855
2.105,0.2,88.6016,9.11696
2.105,0.3,118.586,12.1633
2.105,0.4,143.621,14.6482
2.105,0.5,175.675,17.8507
2.105,0.6,207.076,20.9936
2.105,0.7,240.404,24.3727
2.105,0.8,270.993,27.514
2.105,0.89,260.473,30.836
2.115,-0.89,86.1824,24.3065
2.115,-0.8,65.4763,9.43695
2.115,-0.7,45.6775,5.65994
2.115,-0.6,37.7038,4.39583
2.115,-0.5,30.9238,3.65143
2.115,-0.4,23.4435,2.78104
2.115,-0.3,25.1942,2.98855
2.115,-0.2,29.8416,3.38956
2.115,-0.1,35.3006,3.91247
2.115,0,55.7361,6.13441
2.115,0.1,63.8689,6.7644
2.115,0.2,86.5007,8.94043
2.115,0.3,117.377,12.0785
2.115,0.4,135.855,13.918
2.115,0.5,172.699,17.5813
2.115,0.6,206.886,21.0044
2.115,0.7,236.106,23.9815
2.115,0.8,268.335,27.3519
2.115,0.89,293.673,36.3504
2.125,-0.8,60.6062,17.5073
2.125,-0.6,36.0804,4.39789
2.125,-0.5,27.3587,3.1894
2.125,-0.4,26.6585,3.03387
2.125,-0.3,23.7141,2.66935
2.125,-0.2,29.3482,3.3014
2.125,-0.1,35.3165,3.86719
2.125,0,52.2506,5.70559
2.125,0.1,59.1261,6.20854
2.125,0.2,79.2432,8.16637
2.125,0.3,110.422,11.4658
2.125,0.4,133.706,13.6674
2.125,0.5,163.93,16.661
2.125,0.6,200.742,20.3402
2.125,0.7,240.61,24.3826
2.125,0.8,256.987,26.0904
2.125,0.88,277.916,29.7274
2.135,-0.9,103.005,32.4433
2.135,-0.8,67.1634,9.3976
2.135,-0.7,48.1444,5.51484
2.135,-0.6,33.9955,3.97967
2.135,-0.5,28.7275,3.33149
2.135,-0.4,22.0907,2.58211
2.135,-0.3,22.8706,2.5947
2.135,-0.2,27.2155,3.08293
2.135,-0.1,32.5472,3.5955
2.135,0,49.4017,5.45937
2.135,0.1,53.8421,5.67663
2.135,0.2,76.283,7.88345
2.135,0.3,103.307,10.6286
2.135,0.4,128.231,13.112
2.135,0.5,157.723,16.0448
2.135,0.6,197.225,20.001
2.135,0.7,228.356,23.2132
2.135,0.8,261.205,26.5391
2.135,0.88,279.206,29.427
2.145,-0.8,50.3885,7.60621
2.145,-0.7,42.001,5.18475
2.145,-0.6,32.2766,3.81679
2.145,-0.5,26.1173,3.10061
2.145,-0.4,25.4648,2.95343
2.145,-0.3,23.7777,2.70476
2.145,-0.2,28.5206,3.24308
2.145,-0.1,33.4066,3.71421
2.145,0,44.9454,5.04513
2.145,0.1,55.2427,5.87158
2.145,0.2,72.2563,7.49874
2.145,0.3,93.3125,9.64778
2.145,0.4,121.642,12.4649
2.145,0.5,150.258,15.343
2.145,0.6,190.158,19.3073
2.145,0.7,220.446,22.3896
2.145,0.8,269.067,27.3411
2.145,0.88,258.85,27.2595
2.155,-0.9,55.8475,21.6304
2.155,-0.8,53.0623,7.79756
2.155,-0.7,43.7358,5.30815
2.155,-0.6,36.717,4.24614
2.155,-0.5,28.0908,3.30997
2.155,-0.4,24.6054,2.86325
2.155,-0.3,23.173,2.63642
2.155,-0.2,27.1996,3.11195
2.155,-0.1,30.2713,3.37664
2.155,0,43.7835,4.94191
2.155,0.1,48.5741,5.17416
2.155,0.2,63.4869,6.60286
2.155,0.3,85.9278,8.88501
2.155,0.4,109.992,11.2937
2.155,0.5,139.404,14.2159
2.155,0.6,177.633,18.0491
2.155,0.7,226.382,22.9991
2.155,0.8,243.348,24.751
2.155,0.88,253.279,26.7668
2.165,-0.89,51.6935,12.8183
2.165,-0.8,47.5873,6.90074
2.165,-0.7,39.3113,4.82702
2.165,-0.6,32.3403,3.98225
2.165,-0.5,28.3614,3.31635
2.165,-0.4,23.8573,2.75048
2.165,-0.3,21.279,2.43983
2.165,-0.2,24.0801,2.77773
2.165,-0.1,26.8494,3.01369
2.165,0,36.1759,4.15175
2.165,0.1,44.6748,4.75329
2.165,0.2,62.7548,6.5281
2.165,0.3,86.5325,8.94351
2.165,0.4,107,10.9843
2.165,0.5,130.348,13.2967
2.165,0.6,169.118,17.1885
2.165,0.7,213.713,21.7128
2.165,0.8,243.014,24.7153
2.165,0.88,258.436,27.2807
2.175,-0.9,39.8524,11.5329
2.175,-0.8,40.298,19.2389
2.175,-0.7,37.3377,11.7046
2.175,-0.6,36.3669,6.98901
2.175,-0.5,28.441,4.9819
2.175,-0.4,21.0244,2.483
2.175,-0.3,21.1835,2.42374
2.175,-0.2,22.0589,2.57118
2.175,-0.1,25.4489,2.86001
2.175,0,34.2342,3.9279
2.175,0.1,42.1442,4.48828
2.175,0.2,57.4708,5.98958
2.175,0.3,82.3309,8.51287
2.175,0.4,104.756,10.7513
2.175,0.5,133.913,13.6588
2.175,0.6,180.641,18.3452
2.175,0.7,218.647,22.2041
2.175,0.8,256.383,26.0337
2.175,0.88,285.97,30.1042
2.185,-0.9,30.2235,10.7928
2.185,-0.8,51.1683,7.76525
2.185,-0.7,35.03,4.37804
2.185,-0.6,32.022,3.7615
2.185,-0.5,26.4038,3.09951
2.185,-0.4,22.7751,2.6409
2.185,-0.3,20.3877,2.34658
2.185,-0.2,22.791,2.65852
2.185,-0.1,24.9396,2.82969
2.185,0,36.0327,4.13148
2.185,0.1,40.8392,4.35482
2.185,0.2,53.1896,5.56585
2.185,0.3,78.1132,8.09722
2.185,0.4,102.066,10.4894
2.185,0.5,130.348,13.3094
2.185,0.6,165.633,16.8399
2.185,0.7,203.432,20.6813
2.185,0.8,240.817,24.6078
2.185,0.88,265.295,28.0018
2.195,-0.89,49.0356,17.1411
2.195,-0.8,53.1578,8.20853
2.195,-0.7,33.4225,4.39166
2.195,-0.6,32.0856,3.85268
2.195,-0.5,23.1411,2.83591
2.195,-0.4,23.3003,2.7863
2.195,-0.3,21.5018,2.54886
2.195,-0.2,21.9316,2.66383
2.195,-0.1,23.4754,2.73359
2.195,0,31.9106,3.8293
2.195,0.1,41.1097,4.44974
2.195,0.2,57.9801,6.1145
2.195,0.3,78.1292,8.17888
2.195,0.4,106.029,10.9586
2.195,0.5,133.611,13.699
2.195,0.6,182.376,18.5982
2.195,0.7,210.944,21.5026
2.195,0.8,252.467,25.7182
2.195,0.88,271.407,28.8463
2.205,-0.89,74.7073,21.236
2.205,-0.8,48.1125,7.66608
2.205,-0.7,36.6852,4.72396
2.205,-0.6,32.1016,3.88064
2.205,-0.5,26.738,3.24024
2.205,-0.4,20.5151,2.49301
2.205,-0.3,20.0694,2.38532
2.205,-0.2,19.5601,2.40573
2.205,-0.1,22.5841,2.6408
2.205,0,27.7725,3.41628
2.205,0.1,36.8762,4.01013
2.205,0.2,53.7466,5.68809
2.205,0.3,74.6437,7.81297
2.205,0.4,93.6627,9.7021
2.205,0.5,122.979,12.668
2.205,0.6,168.911,17.2311
2.205,0.7,222.562,22.6733
2.205,0.8,266.998,27.1902
2.205,0.88,253.231,26.8883
2.215,-0.89,41.5713,13.3333
2.215,-0.8,33.6454,5.18645
2.215,-0.7,32.0697,3.86908
2.215,-0.6,29.3163,3.49886
2.215,-0.5,23.6663,2.81698
2.215,-0.4,20.6106,2.4395
2.215,-0.3,17.2206,2.0339
2.215,-0.2,18.1596,2.20875
2.215,-0.1,20.1331,2.33249
2.215,0,28.7434,3.41618
2.215,0.1,35.6189,3.84508
2.215,0.2,46.2186,4.86786
2.215,0.3,62.6434,6.54901
2.215,0.4,84.559,8.73648
2.215,0.5,110.501,11.3291
2.215,0.6,155.988,15.8832
2.215,0.7,202.938,20.6443
2.215,0.8,244.605,24.8689
2.215,0.88,245.178,25.8516
2.225,-0.8,35.3483,5.56424
2.225,-0.7,25.2261,3.35524
2.225,-0.6,24.0961,2.97845
2.225,-0.5,20.7538,2.53992
2.225,-0.4,17.7935,2.16054
2.225,-0.3,16.011,1.92369
2.225,-0.2,17.4911,2.12661
2.225,-0.1,20.3718,2.38562
2.225,0,26.2606,3.15613
2.225,0.1,30.0962,3.2804
2.225,0.2,44.1814,4.68009
2.225,0.3,56.2294,5.90842
2.225,0.4,78.5589,8.15714
2.225,0.5,106.793,10.9641
2.225,0.6,152.98,15.6322
2.225,0.7,193.198,19.6725
2.225,0.8,234.117,23.8173
2.225,0.88,259.407,27.388
2.235,-0.89,45.8207,21.3935
2.235,-0.8,38.6906,6.21996
2.235,-0.7,29.9848,3.70744
2.235,-0.6,24.6213,3.0679
2.235,-0.5,19.3851,2.40088
2.235,-0.4,16.393,2.04674
2.235,-0.3,15.8359,1.92711
2.235,-0.2,17.4752,2.15283
2.235,-0.1,20.0058,2.36287
2.235,0,21.852,2.68474
2.235,0.1,29.4118,3.23076
2.235,0.2,42.5739,4.52325
2.235,0.3,57.0252,5.99885
2.235,0.4,72.2723,7.52195
2.235,0.5,100.538,10.3297
2.235,0.6,146.677,14.9666
2.235,0.7,189.554,19.3209
2.235,0.8,236.011,24.0421
2.235,0.88,241.04,25.6442
2.245,-0.89,34.1069,11.0289
2.245,-0.8,34.8708,5.74666
2.245,-0.7,23.8096,3.20709
2.245,-0.6,23.4117,2.91386
2.245,-0.5,20.6424,2.51253
2.245,-0.4,18.7962,2.26138
2.245,-0.3,16.8386,2.00166
2.245,-0.2,15.438,1.92262
2.245,-0.1,16.2816,1.96389
2.245,0,22.7114,2.80096
2.245,0.1,26.738,2.94793
2.245,0.2,36.3987,4.15573
2.245,0.3,51.9482,5.47181
2.245,0.4,70.9354,7.3759
2.245,0.5,100.204,10.3009
2.245,0.6,145.133,14.8217
2.245,0.7,178.222,18.1722
2.245,0.8,230.87,23.4923
2.245,0.88,221.496,24.2095
2.255,-0.89,34.1865,12.3859
2.255,-0.8,38.2608,6.21838
2.255,-0.7,30.7328,3.98105
2.255,-0.6,23.1889,2.85831
2.255,-0.5,20.4673,2.52585
2.255,-0.4,17.9049,2.17875
2.255,-0.3,16.8545,2.0292
2.255,-0.2,17.3479,2.14251
2.255,-0.1,18.08,2.14056
2.255,0,23.3639,2.84501
2.255,0.1,27.0563,2.97683
2.255,0.2,39.359,4.19944
2.255,0.3,50.9932,5.37616
2.255,0.4,69.9645,7.26946
2.255,0.5,102.798,10.5427
2.255,0.6,145.452,14.8434
2.255,0.7,197.129,20.0557
2.255,0.8,249.077,25.3117
2.255,0.88,242.361,26.3454
2.265,-0.89,28.2182,9.33354
2.265,-0.8,34.3934,5.57895
2.265,-0.7,24.2552,3.28286
2.265,-0.6,21.9634,2.74066
2.265,-0.5,16.7749,2.51813
2.265,-0.4,17.7139,2.13604
2.265,-0.3,15.1197,1.84104
2.265,-0.2,15.4221,1.95019
2.265,-0.1,18.8439,2.23064
2.265,0,24.4303,2.94206
2.265,0.1,27.8044,3.0581
2.265,0.2,39.0566,4.16555
2.265,0.3,51.041,5.38575
2.265,0.4,67.3225,7.01109
2.265,0.5,103.339,10.6169
2.265,0.6,150.943,15.4005
2.265,0.7,188.169,19.1696
2.265,0.8,246.499,25.0609
2.265,0.88,255.316,30.5493
2.275,-0.89,29.189,10.5347
2.275,-0.8,31.083,5.44633
2.275,-0.7,27.677,3.66548
2.275,-0.6,21.8679,2.76191
2.275,-0.5,18.9394,2.35554
2.275,-0.4,16.9659,2.08363
2.275,-0.3,15.072,1.85551
2.275,-0.2,15.4539,1.94302
2.275,-0.1,17.0773,2.07447
2.275,0,22.8069,2.79945
2.275,0.1,25.2261,2.79761
2.275,0.2,33.8682,3.65294
2.275,0.3,48.2876,5.11498
2.275,0.4,68.3093,7.1237
2.275,0.5,96.7025,9.94924
2.275,0.6,143.319,14.6474
2.275,0.7,196.477,20.0278
2.275,0.8,245.847,24.9882
2.275,0.88,266.441,28.2663
2.285,-0.8,31.4808,5.13629
2.285,-0.7,23.7459,3.88252
2.285,-0.6,23.1093,3.89497
2.285,-0.5,17.4116,2.90362
2.285,-0.4,15.4539,1.91445
2.285,-0.3,12.7165,1.60959
2.285,-0.2,14.5786,1.83481
2.285,-0.1,18.4938,2.21857
2.285,0,16.8068,2.10851
2.285,0.1,21.9475,2.45416
2.285,0.2,35.9213,3.84406
2.285,0.3,47.5714,5.03687
2.285,0.4,59.4921,6.21973
2.285,0.5,92.5963,9.52023
2.285,0.6,134.581,13.7596
2.285,0.7,177.521,18.0941
2.285,0.8,231.268,23.5197
2.285,0.88,252.945,26.6339
2.295,-0.89,33.2634,16.3529
2.295,-0.8,29.9848,5.16189
2.295,-0.7,24.5735,3.29583
2.295,-0.6,18.637,2.39988
2.295,-0.5,15.5017,1.97607
2.295,-0.4,15.9792,1.98506
2.295,-0.3,13.2258,1.65013
2.295,-0.2,14.2603,1.80962
2.295,-0.1,13.4804,1.69924
2.295,0,19.3851,2.4103
2.295,0.1,22.0111,2.45278
2.295,0.2,30.9238,3.33821
2.295,0.3,39.4227,4.19989
2.295,0.4,62.6752,6.54284
2.295,0.5,87.7262,9.03953
2.295,0.6,123.823,12.6677
2.295,0.7,180.338,18.3797
2.295,0.8,227.814,23.1714
2.295,0.88,210.1,22.2753
2.305,-0.89,38.5632,11.3542
2.305,-0.8,27.3747,4.66063
2.305,-0.7,23.5549,3.14567
2.305,-0.6,16.5203,2.31615
2.305,-0.5,14.9446,2.00517
2.305,-0.4,13.4168,1.68453
2.305,-0.3,14.8492,1.79175
2.305,-0.2,14.8173,1.82554
2.305,-0.1,15.2948,1.92072
2.305,0,20.7379,2.52947
2.305,0.1,22.0748,2.45154
2.305,0.2,28.7116,3.09732
2.305,0.3,38.5155,4.09829
2.305,0.4,55.37,5.79296
2.305,0.5,85.1797,8.76565
2.305,0.6,126.417,12.9313
2.305,0.7,171.633,17.4949
2.305,0.8,233.051,23.6696
2.305,0.88,232.955,24.5062
2.315,-0.89,25.8468,8.23086
2.315,-0.8,35.1414,5.94127
2.315,-0.7,20.7061,2.90474
2.315,-0.6,17.2524,2.27316
2.315,-0.5,12.43,1.6692
2.315,-0.4,12.812,1.64672
2.315,-0.3,12.5096,1.58349
2.315,-0.2,10.7907,1.43043
2.315,-0.1,13.6396,1.79171
2.315,0,15.1675,1.92032
2.315,0.1,19.8625,2.25439
2.315,0.2,28.4569,3.09835
2.315,0.3,32.1334,3.48035
2.315,0.4,49.8473,5.2574
2.315,0.5,73.3863,7.60351
2.315,0.6,111.663,11.4746
2.315,0.7,153.394,15.6727
2.315,0.8,214.716,21.8637
2.315,0.88,214.525,22.892
2.325,-0.8,26.7858,4.78329
2.325,-0.7,19.5601,2.74492
2.325,-0.6,16.9341,2.22828
2.325,-0.5,14.308,1.86333
2.325,-0.4,11.2045,1.4619
2.325,-0.3,12.2708,1.56469
2.325,-0.2,11.7775,1.54676
2.325,-0.1,15.0242,1.92882
2.325,0,15.9473,2.00156
2.325,0.1,17.1251,1.97646
2.325,0.2,25.6717,2.80486
2.325,0.3,33.0883,3.5747
2.325,0.4,51.7731,5.45019
2.325,0.5,75.1211,7.77517
2.325,0.6,114.814,11.7996
2.325,0.7,152.566,15.5917
2.325,0.8,212.249,21.7765
2.325,0.88,214.843,23.116
2.335,-0.8,23.5708,4.28711
2.335,-0.7,18.4779,2.65742
2.335,-0.6,15.8518,2.12584
2.335,-0.5,12.1435,1.63726
2.335,-0.4,11.4592,1.50189
2.335,-0.3,11.9525,1.54994
2.335,-0.2,11.4273,1.49946
2.335,-0.1,13.3213,1.7676
2.335,0,14.308,1.81338
2.335,0.1,16.202,1.87264
2.335,0.2,22.9501,2.53739
2.335,0.3,30.9397,3.35795
2.335,0.4,44.8499,4.77519
2.335,0.5,73.1794,7.63134
2.335,0.6,105.711,10.9278
2.335,0.7,157.42,16.0929
2.335,0.8,212.599,21.6558
2.335,0.88,202.811,21.5352
2.345,-0.8,23.7459,4.31003
2.345,-0.7,18.5893,2.6766
2.345,-0.6,13.5123,1.86755
2.345,-0.5,13.7828,1.84431
2.345,-0.4,11.4114,1.52962
2.345,-0.3,12.4141,1.58581
2.345,-0.2,9.5493,1.30624
2.345,-0.1,12.5255,1.70843
2.345,0,14.1489,1.77172
2.345,0.1,18.462,2.10091
2.345,0.2,20.2445,2.28074
2.345,0.3,27.677,3.03336
2.345,0.4,41.5872,4.46434
2.345,0.5,68.6117,7.13063
2.345,0.6,111.074,11.4474
2.345,0.7,149.622,15.3071
2.345,0.8,203.384,20.7209
2.345,0.88,200.567,21.4341
2.355,-0.8,20.7538,3.85339
2.355,-0.7,16.9341,2.51696
2.355,-0.6,14.3239,1.95935
2.355,-0.5,11.8093,1.59112
2.355,-0.4,13.2258,1.66935
2.355,-0.3,12.2868,1.57587
2.355,-0.2,11.5865,1.49138
2.355,-0.1,14.4035,1.9015
2.355,0,14.8332,1.83617
2.355,0.1,15.3903,1.77055
2.355,0.2,21.2631,2.36462
2.355,0.3,28.441,3.25139
2.355,0.4,43.1469,4.57194
2.355,0.5,68.9937,7.15041
2.355,0.6,115.531,11.8585
2.355,0.7,165.41,16.8784
2.355,0.8,225.57,22.9305
2.355,0.88,232.446,24.8607
2.365,-0.89,22.409,7.97659
2.365,-0.8,22.2339,4.24216
2.365,-0.7,17.6344,2.62295
2.365,-0.6,14.0534,1.98407
2.365,-0.5,11.1568,1.64555
2.365,-0.4,10.6475,1.45169
2.365,-0.3,10.9339,1.47282
2.365,-0.2,11.3637,1.51549
2.365,-0.1,12.9234,1.79199
2.365,0,13.5123,1.70177
2.365,0.1,15.5972,1.84565
2.365,0.2,20.4992,2.31807
2.365,0.3,26.8017,2.96723
2.365,0.4,44.6589,4.76832
2.365,0.5,70.5056,7.36146
2.365,0.6,110.231,11.4388
2.365,0.7,170.455,17.4579
2.365,0.8,216.132,22.0239
2.365,0.88,231.698,25.196
2.375,-0.8,22.043,4.09716
2.375,-0.7,16.3611,2.41957
2.375,-0.6,13.0348,1.7891
2.375,-0.5,11.6024,1.55447
2.375,-0.4,10.4246,1.38192
2.375,-0.3,9.61296,1.30013
2.375,-0.2,8.64211,1.18562
2.375,-0.1,15.247,2.03834
2.375,0,13.5123,1.66384
2.375,0.1,16.3134,1.92323
2.375,0.2,18.3983,2.07289
2.375,0.3,27.9158,3.04237
2.375,0.4,37.5924,4.01725
2.375,0.5,66.1607,6.88182
2.375,0.6,105.233,10.8384
2.375,0.7,164.152,16.7648
2.375,0.8,209.13,21.2881
2.375,0.88,236.106,25.5227
2.385,-0.8,17.507,3.64673
2.385,-0.7,14.499,2.23658
2.385,-0.6,11.7934,1.71229
2.385,-0.5,11.0294,1.54523
2.385,-0.4,9.32648,1.30108
2.385,-0.3,9.7562,1.34311
2.385,-0.2,11.491,1.52506
2.385,-0.1,9.2469,1.37571
2.385,0,12.7006,1.59862
2.385,0.1,12.1117,1.46692
2.385,0.2,16.6158,1.91644
2.385,0.3,23.2844,2.60935
2.385,0.4,33.5976,3.66496
2.385,0.5,59.4762,6.30247
2.385,0.6,86.819,9.07963
2.385,0.7,140.231,14.4346
2.385,0.8,183.426,18.7966
2.385,0.88,195.283,21.4135
2.395,-0.8,17.9845,3.97881
2.395,-0.7,16.011,2.51668
2.395,-0.6,11.6979,1.77643
2.395,-0.5,7.33704,1.16675
2.395,-0.4,8.99225,1.28869
2.395,-0.3,10.0108,1.40565
2.395,-0.2,10.7907,1.47301
2.395,-0.1,12.4777,1.77138
2.395,0,10.7748,1.39833
2.395,0.1,12.6528,1.55689
2.395,0.2,12.4618,1.50482
2.395,0.3,21.6769,2.45942
2.395,0.4,34.091,3.72935
2.395,0.5,54.9085,5.81352
2.395,0.6,94.8882,9.91185
2.395,0.7,137.367,14.351
2.395,0.8,184.492,18.8667
2.395,0.88,199.294,22.1823
2.405,-0.8,19.8625,4.12282
2.405,-0.7,13.0348,2.22114
2.405,-0.6,8.73761,1.63729
2.405,-0.5,8.51479,1.33986
2.405,-0.4,8.29197,1.24084
2.405,-0.3,10.6316,1.52849
2.405,-0.2,11.3637,1.55834
2.405,-0.1,10.6316,1.68331
2.405,0,10.6316,1.40798
2.405,0.1,12.3504,1.55147
2.405,0.2,13.0666,1.59984
2.405,0.3,18.4142,2.14402
2.405,0.4,30.9556,3.43123
2.405,0.5,53.4601,5.67158
2.405,0.6,83.9701,8.78862
2.405,0.7,131.287,13.5319
2.405,0.8,182.519,18.6977
2.405,0.88,174.306,20.1566
2.415,-0.8,16.6476,3.41016
2.415,-0.7,10.4883,1.89279
2.415,-0.6,10.0108,1.5824
2.415,-0.5,6.93916,1.12955
2.415,-0.4,8.94451,1.27398
2.415,-0.3,9.93127,1.4
2.415,-0.2,9.89944,1.35355
2.415,-0.1,12.6369,1.83962
2.415,0,9.74028,1.27815
2.415,0.1,9.89944,1.25044
2.415,0.2,12.7642,1.52996
2.415,0.3,19.767,2.24598
2.415,0.4,29.2686,3.20464
2.415,0.5,54.8925,5.78635
2.415,0.6,91.8324,9.53832
2.415,0.7,136.141,13.9813
2.415,0.8,184.652,18.8626
2.415,0.88,208.302,24.4967
2.425,-0.8,21.5177,4.25988
2.425,-0.7,12.7324,2.01342
2.425,-0.6,10.1859,1.50954
2.425,-0.5,8.29197,1.21734
2.425,-0.4,8.30789,1.18395
2.425,-0.3,9.07183,1.28295
2.425,-0.2,8.49887,1.16429
2.425,-0.1,10.3769,1.73033
2.425,0,12.0958,1.72189
2.425,0.1,12.0321,1.51652
2.425,0.2,15.072,1.74296
2.425,0.3,19.21,2.16694
2.425,0.4,27.0723,2.9587
2.425,0.5,49.5927,5.2084
2.425,0.6,88.2514,9.14651
2.425,0.7,138.64,14.2071
2.425,0.8,197.607,20.2396
2.425,0.88,207.379,24.6049
2.435,-0.8,19.2577,5.19269
2.435,-0.7,12.3823,2.17041
2.435,-0.6,7.20972,1.3809
2.435,-0.5,8.92859,1.31899
2.435,-0.4,8.65803,1.2312
2.435,-0.3,10.1859,1.4293
2.435,-0.2,10.5679,1.4137
2.435,-0.1,9.39014,1.45702
2.435,0,11.857,1.51249
2.435,0.1,10.5042,1.30827
2.435,0.2,13.4168,1.60198
2.435,0.3,18.4461,2.12273
2.435,0.4,26.0855,2.88208
2.435,0.5,50.3725,5.31225
2.435,0.6,85.5458,8.8944
2.435,0.7,129.106,13.2673
2.435,0.8,188.742,19.2825
2.435,0.88,165.967,20.2867
2.445,-0.8,19.6716,4.04395
2.445,-0.7,9.94718,1.69201
2.445,-0.6,6.9869,1.30159
2.445,-0.5,7.98958,1.19695
2.445,-0.4,6.71634,1.0053
2.445,-0.3,8.00549,1.17453
2.445,-0.2,9.35831,1.27059
2.445,-0.1,10.8703,1.57948
2.445,0,11.3955,1.41778
2.445,0.1,9.23099,1.17818
2.445,0.2,11.8093,1.40649
2.445,0.3,16.5203,1.90817
2.445,0.4,25.8786,2.85659
2.445,0.5,51.7572,5.43882
2.445,0.6,89.2541,9.55318
2.445,0.7,147.202,15.4703
2.445,0.8,182.996,19.0384
2.445,0.88,150.815,22.915
2.455,-0.8,15.6131,3.30463
2.455,-0.7,10.6156,1.74475
2.455,-0.6,7.17789,1.31194
2.455,-0.5,6.66859,1.03825
2.455,-0.4,6.54127,0.958268
2.455,-0.3,8.14873,1.17284
2.455,-0.2,9.94718,1.31457
2.455,-0.1,9.27873,1.38966
2.455,0,9.18324,1.17444
2.455,0.1,10.4406,1.2661
2.455,0.2,12.5096,1.49122
2.455,0.3,17.332,1.98659
2.455,0.4,23.2048,2.57406
2.455,0.5,48.2876,5.08929
2.455,0.6,83.1107,8.64715
2.455,0.7,125.446,12.8676
2.455,0.8,182.678,18.7097
2.455,0.88,136.746,18.7279
2.465,-0.8,12.5892,2.81218
2.465,-0.7,7.92592,2.39495
2.465,-0.6,5.77732,1.21279
2.465,-0.5,5.33169,0.944695
2.465,-0.4,6.71634,1.02921
2.465,-0.3,6.87549,1.10062
2.465,-0.2,7.73493,1.13279
2.465,-0.1,9.02409,1.40912
2.465,0,8.06916,1.11118
2.465,0.1,8.3238,1.09809
2.465,0.2,11.1249,1.4058
2.465,0.3,14.9765,1.7848
2.465,0.4,24.8759,2.77307
2.465,0.5,43.7676,4.69639
2.465,0.6,84.4635,8.83111
2.465,0.7,127.085,13.082
2.465,0.8,178.413,18.2489
2.465,0.87,178.301,19.0984
2.475,-0.8,13.178,3.03815
2.475,-0.7,9.23099,1.69072
2.475,-0.6,6.50944,1.2766
2.475,-0.5,5.1407,0.881593
2.475,-0.4,6.39803,0.996473
2.475,-0.3,8.26014,1.2269
2.475,-0.2,8.61028,1.20536
2.475,-0.1,8.64211,1.33581
2.475,0,9.46972,1.2167
2.475,0.1,8.64211,1.11232
2.475,0.2,8.92859,1.13472
2.475,0.3,13.3849,1.58211
2.475,0.4,22.2658,2.48267
2.475,0.5,42.6217,4.53859
2.475,0.6,76.3785,7.98349
2.475,0.7,129.17,13.2662
2.475,0.8,182.105,18.5716
2.475,0.87,189.999,21.1796
2.485,-0.8,16.2816,3.44843
2.485,-0.7,10.2496,1.78732
2.485,-0.6,8.22831,1.46292
2.485,-0.5,5.04521,0.889118
2.485,-0.4,6.3662,0.982258
2.485,-0.3,8.43521,1.22715
2.485,-0.2,8.19648,1.1424
2.485,-0.1,10.5838,1.53667
2.485,0,7.91,1.05644
2.485,0.1,10.8066,1.32342
2.485,0.2,10.2814,1.26217
2.485,0.3,12.7801,1.53129
2.485,0.4,21.3586,2.38725
2.485,0.5,43.0673,4.58591
2.485,0.6,82.3309,8.84433
2.485,0.7,133.404,13.9487
2.485,0.8,183.967,18.9363
2.485,0.87,201.188,22.3112
2.495,-0.8,12.7642,2.91984
2.495,-0.7,7.81451,1.50751
2.495,-0.6,5.52268,1.02158
2.495,-0.5,4.39268,0.826651
2.495,-0.4,4.74282,0.793869
2.495,-0.3,6.22296,0.997714
2.495,-0.2,6.42986,0.974382
2.495,-0.1,8.84901,1.36135
2.495,0,9.31056,1.21451
2.495,0.1,8.43521,1.08622
2.495,0.2,9.35831,1.16883
2.495,0.3,11.2841,1.36269
2.495,0.4,20.7538,2.34061
2.495,0.5,40.0593,4.27617
2.495,0.6,74.198,7.76569
2.495,0.7,119.478,12.5387
2.495,0.8,163.611,17.2834
2.495,0.87,191.384,21.6355
2.505,-0.8,11.0613,2.5448
2.505,-0.7,7.63944,1.45764
2.505,-0.6,5.80916,1.18645
2.505,-0.5,5.39535,0.948303
2.505,-0.4,4.32901,0.743756
2.505,-0.3,6.81183,1.09665
2.505,-0.2,8.19648,1.21086
2.505,-0.1,8.16465,1.28075
2.505,0,6.49352,0.920576
2.505,0.1,8.67394,1.11479
2.505,0.2,9.48563,1.18857
2.505,0.3,12.7165,1.51724
2.505,0.4,21.8679,2.44704
2.505,0.5,39.2476,4.21747
2.505,0.6,72.4951,7.58889
2.505,0.7,114.512,11.7926
2.505,0.8,179.352,18.3408
2.505,0.87,174.418,18.7017
2.515,-0.8,10.2973,2.42575
2.515,-0.7,5.37944,1.15192
2.515,-0.6,4.67916,1.02075
2.515,-0.5,3.54916,0.701238
2.515,-0.4,4.47225,0.752183
2.515,-0.3,5.93648,0.967486
2.515,-0.2,6.41394,0.973332
2.515,-0.1,6.9869,1.14505
2.515,0,7.84634,1.06235
2.515,0.1,7.25747,0.965398
2.515,0.2,8.70578,1.0976
2.515,0.3,10.3292,1.27533
2.515,0.4,18.2392,2.06621
2.515,0.5,38.1494,4.08061
2.515,0.6,73.1635,7.65277
2.515,0.7,114.448,11.8792
2.515,0.8,174.179,17.8149
2.515,0.87,187.309,20.1166
2.525,-0.8,12.1754,5.15911
2.525,-0.7,4.58366,1.13151
2.525,-0.6,4.71099,1.07911
2.525,-0.5,3.81972,0.769889
2.525,-0.4,4.66324,0.922343
2.525,-0.3,6.47761,1.07621
2.525,-0.2,6.49352,1.02709
2.525,-0.1,7.06648,1.20079
2.525,0,7.51211,1.04896
2.525,0.1,7.81451,1.04931
2.525,0.2,9.08775,1.17704
2.525,0.3,11.8411,1.46313
2.525,0.4,17.1569,2.00345
2.525,0.5,36.6534,3.98965
2.525,0.6,68.2616,7.20062
2.525,0.7,118.777,12.2725
2.525,0.8,168.991,17.3184
2.525,0.87,168.052,18.1453
2.535,-0.8,9.94718,2.4256
2.535,-0.7,6.47761,1.28871
2.535,-0.6,4.21761,0.914726
2.535,-0.5,3.83563,0.840635
2.535,-0.4,4.24944,0.726188
2.535,-0.3,6.41394,1.02208
2.535,-0.2,7.44845,1.08998
2.535,-0.1,6.31845,1.05392
2.535,0,7.38479,1.00683
2.535,0.1,7.00282,0.935772
2.535,0.2,8.29197,1.05516
2.535,0.3,10.1859,1.26375
2.535,0.4,15.0561,1.74963
2.535,0.5,33.8045,3.64703
2.535,0.6,61.8158,6.49383
2.535,0.7,108.687,11.2043
2.535,0.8,160.221,16.3637
2.535,0.87,182.328,19.5086
2.545,-0.8,9.99493,2.51489
2.545,-0.7,4.79056,1.08261
2.545,-0.6,5.2362,1.10305
2.545,-0.5,4.07437,0.76929
2.545,-0.4,3.56507,0.674817
2.545,-0.3,4.9338,0.882844
2.545,-0.2,5.68183,0.901791
2.545,-0.1,7.01873,1.15963
2.545,0,7.06648,0.972717
2.545,0.1,7.67127,1.00712
2.545,0.2,8.56254,1.08628
2.545,0.3,10.4087,1.27256
2.545,0.4,14.9765,1.83849
2.545,0.5,34.4252,3.72863
2.545,0.6,64.6806,6.81059
2.545,0.7,117.695,12.1284
2.545,0.8,163.977,16.7607
2.545,0.87,174.195,18.7449
2.555,-0.8,14.5945,3.44397
2.555,-0.7,6.5731,1.36267
2.555,-0.6,3.45366,0.838384
2.555,-0.5,2.27592,0.543343
2.555,-0.4,5.15662,0.869656
2.555,-0.3,6.00014,1.00938
2.555,-0.2,5.61817,0.910262
2.555,-0.1,6.17521,1.00727
2.555,0,5.0293,0.774409
2.555,0.1,6.62085,0.907541
2.555,0.2,7.17789,1.03671
2.555,0.3,8.26014,1.07269
2.555,0.4,15.7723,1.8275
2.555,0.5,30.3349,3.33456
2.555,0.6,62.1341,6.59017
2.555,0.7,110.231,11.5326
2.555,0.8,164.455,16.9504
2.555,0.87,199.612,21.6333
2.565,-0.4,4.15394,0.883591
2.565,-0.3,5.18845,0.884386
2.565,-0.2,5.07704,0.852127
2.565,-0.1,5.50676,0.928865
2.565,0,6.20704,0.877808
2.565,0.1,5.90465,0.822757
2.565,0.2,7.32113,0.970193
2.565,0.3,9.11958,1.14981
2.565,0.4,15.3266,1.78102
2.565,0.5,31.0989,3.38507
2.565,0.6,62.707,6.59825
2.565,0.7,111.249,11.4721
2.565,0.8,166.524,17.0231
2.565,0.87,166.285,18.1053
2.575,-0.8,10.6475,2.39794
2.575,-0.7,6.3662,1.35282
2.575,-0.6,3.64465,0.889761
2.575,-0.5,4.67916,0.842223
2.575,-0.4,3.69239,0.681629
2.575,-0.3,4.69507,0.856373
2.575,-0.2,6.0638,1.00048
2.575,-0.1,5.15662,0.882522
2.575,0,5.66592,0.817189
2.575,0.1,4.98155,0.723882
2.575,0.2,7.09831,0.953491
2.575,0.3,9.08775,1.14729
2.575,0.4,13.178,1.55613
2.575,0.5,25.6717,2.85157
2.575,0.6,56.6114,5.97972
2.575,0.7,103.546,10.7063
2.575,0.8,149.94,15.4047
2.575,0.87,183.474,21.1733
2.585,-0.8,13.8146,3.36804
2.585,-0.7,7.41662,1.57077
2.585,-0.6,4.64732,1.07634
2.585,-0.5,3.93113,0.803077
2.585,-0.4,4.71099,0.870588
2.585,-0.3,5.47493,0.979076
2.585,-0.2,5.10887,0.959086
2.585,-0.1,5.55451,0.918975
2.585,0,4.36085,0.694974
2.585,0.1,5.37944,0.797593
2.585,0.2,6.42986,0.904829
2.585,0.3,7.59169,1.14672
2.585,0.4,12.0321,1.47863
2.585,0.5,26.9449,3.02944
2.585,0.6,53.5875,5.7443
2.585,0.7,98.7875,10.2813
2.585,0.8,153.314,15.7477
2.585,0.87,169.214,18.6454
2.595,-0.5,2.94437,0.923544
2.595,-0.4,4.74282,1.61501
2.595,-0.3,4.48817,0.899787
2.595,-0.2,5.71366,1.07212
2.595,-0.1,5.17254,0.922584
2.595,0,5.2362,0.824295
2.595,0.1,3.77197,0.633767
2.595,0.2,4.64732,0.725446
2.595,0.3,7.30521,1.01196
2.595,0.4,13.178,1.60895
2.595,0.5,26.547,3.01648
2.595,0.6,53.4761,5.73967
2.595,0.7,90.6706,9.47129
2.595,0.8,144.115,14.8345
2.595,0.87,158.502,17.7357
2.605,-0.8,12.6369,2.57542
2.605,-0.7,6.62085,1.14896
2.605,-0.6,3.51732,0.727324
2.605,-0.5,2.37141,0.463195
2.605,-0.4,2.91254,0.519121
2.605,-0.3,4.94972,0.781516
2.605,-0.2,3.5969,0.636572
2.605,-0.1,4.7269,0.694851
2.605,0,5.15662,0.692051
2.605,0.1,4.75873,0.630625
2.605,0.2,4.79056,0.63303
2.605,0.3,6.19113,0.78184
2.605,0.4,11.5546,1.34292
2.605,0.5,28.3455,3.09447
2.605,0.6,52.2506,5.45289
2.605,0.7,93.599,9.60334
2.605,0.8,151.054,15.3717
2.605,0.87,167.988,18.1095
2.615,-0.8,11.2841,2.28718
2.615,-0.7,6.28662,1.13003
2.615,-0.6,2.32366,0.5598
2.615,-0.5,3.00803,0.537654
2.615,-0.4,2.73747,0.496156
2.615,-0.3,3.72423,0.630937
2.615,-0.2,3.29451,0.567067
2.615,-0.1,4.67916,0.679977
2.615,0,4.58366,0.628297
2.615,0.1,5.53859,0.710879
2.615,0.2,5.28394,0.691223
2.615,0.3,6.31845,0.79196
2.615,0.4,11.7456,1.32848
2.615,0.5,24.3189,2.63049
2.615,0.6,49.3539,5.15716
2.615,0.7,94.4266,9.68757
2.615,0.8,154.651,15.7224
2.615,0.87,145.977,15.7111
2.625,-0.8,9.05592,2.5682
2.625,-0.7,5.92056,1.2476
2.625,-0.6,2.6738,0.734744
2.625,-0.5,3.05577,0.635353
2.625,-0.4,3.67648,0.694216
2.625,-0.3,4.18578,0.761901
2.625,-0.2,3.50141,0.698834
2.625,-0.1,4.16986,0.708631
2.625,0,3.93113,0.643366
2.625,0.1,4.61549,0.675612
2.625,0.2,4.94972,0.721695
2.625,0.3,5.50676,0.772051
2.625,0.4,9.59704,1.17872
2.625,0.5,22.7273,2.55248
2.625,0.6,49.6723,5.31605
2.625,0.7,94.554,10.1052
2.625,0.8,150.354,15.5091
2.625,0.87,167.749,18.7195
2.635,-0.8,9.85169,2.71556
2.635,-0.7,6.47761,1.34413
2.635,-0.6,4.16986,0.969597
2.635,-0.5,2.7693,0.607872
2.635,-0.4,3.34225,0.704968
2.635,-0.3,4.56775,0.836085
2.635,-0.2,4.02662,0.807794
2.635,-0.1,3.70831,0.669187
2.635,0,4.23352,0.687056
2.635,0.1,4.75873,0.708732
2.635,0.2,4.09028,0.64088
2.635,0.3,5.47493,0.792483
2.635,0.4,9.94718,1.23509
2.635,0.5,21.3586,2.44678
2.635,0.6,41.237,4.44945
2.635,0.7,89.7634,9.34813
2.635,0.8,141.934,14.5671
2.635,0.87,179.702,20.3424
2.645,-0.8,6.17521,1.88647
2.645,-0.7,3.43775,0.940437
2.645,-0.6,2.49873,0.84928
2.645,-0.5,2.62606,0.718184
2.645,-0.4,3.31042,0.675544
2.645,-0.3,3.81972,0.715313
2.645,-0.2,4.75873,0.900036
2.645,-0.1,3.86747,0.678136
2.645,0,4.18578,0.671606
2.645,0.1,4.29718,0.654279
2.645,0.2,3.96296,0.620502
2.645,0.3,5.18845,0.749679
2.645,0.4,9.2469,1.15039
2.645,0.5,21.5177,2.4454
2.645,0.6,43.8631,4.71108
2.645,0.7,79.0682,8.23227
2.645,0.8,132.863,13.6549
2.645,0.87,146.2,16.8393
2.655,-0.8,9.04,2.49331
2.655,-0.7,4.7269,1.12293
2.655,-0.6,3.50141,0.840363
2.655,-0.5,2.06901,0.505802
2.655,-0.4,2.68972,0.590078
2.655,-0.3,2.86479,0.598261
2.655,-0.2,4.05845,0.823194
2.655,-0.1,3.5969,0.649766
2.655,0,2.99211,0.510647
2.655,0.1,3.46958,0.552302
2.655,0.2,4.18578,0.647017
2.655,0.3,4.34493,0.657425
2.655,0.4,8.80127,1.09564
2.655,0.5,18.6052,2.15239
2.655,0.6,39.7569,4.28242
2.655,0.7,81.169,8.4607
2.655,0.8,135.568,13.9255
2.655,0.87,155.001,18.0488
2.665,-0.8,8.19648,2.43399
2.665,-0.7,5.07704,1.13811
2.665,-0.6,3.34225,0.804795
2.665,-0.5,2.35549,0.546724
2.665,-0.4,2.99211,0.618341
2.665,-0.3,3.5969,0.690035
2.665,-0.2,4.37676,0.866664
2.665,-0.1,3.77197,0.646625
2.665,0,3.15127,0.532881
2.665,0.1,3.75606,0.582812
2.665,0.2,3.37408,0.546353
2.665,0.3,4.99747,0.713533
2.665,0.4,7.41662,0.9372
2.665,0.5,18.1914,2.09272
2.665,0.6,39.6296,4.24729
2.665,0.7,84.7182,8.81045
2.665,0.8,130.348,13.3846
2.665,0.87,128.534,15.2359
2.675,-0.8,6.41394,2.70325
2.675,-0.7,4.39268,1.08012
2.675,-0.6,2.02127,0.637672
2.675,-0.5,1.79845,0.57023
2.675,-0.4,2.48282,0.580939
2.675,-0.3,2.56239,0.570124
2.675,-0.2,3.40592,0.764434
2.675,-0.1,2.70563,0.521339
2.675,0,4.09028,0.653212
2.675,0.1,4.45634,0.676736
2.675,0.2,3.21493,0.536671
2.675,0.3,3.96296,0.60834
2.675,0.4,7.65535,0.985554
2.675,0.5,17.3479,2.02802
2.675,0.6,40.8073,4.40364
2.675,0.7,81.1054,8.47741
2.675,0.8,135.982,13.9767
2.675,0.87,145.102,17.5029
2.685,-0.8,6.31845,1.99656
2.685,-0.7,4.98155,1.20588
2.685,-0.6,3.03986,0.85186
2.685,-0.5,3.15127,0.826387
2.685,-0.4,2.41916,0.755951
2.685,-0.3,3.21493,0.684929
2.685,-0.2,2.10085,0.580478
2.685,-0.1,2.92845,0.573744
2.685,0,3.96296,0.670723
2.685,0.1,3.54916,0.594927
2.685,0.2,2.7693,0.497919
2.685,0.3,4.56775,0.70814
2.685,0.4,6.58901,0.90522
2.685,0.5,19.1304,2.26336
2.685,0.6,39.6455,4.34035
2.685,0.7,80.6438,8.49109
2.685,0.8,130.587,13.4956
2.685,0.87,130.841,17.7002
2.695,-0.8,8.61028,2.50793
2.695,-0.7,4.18578,1.10124
2.695,-0.6,3.56507,0.945166
2.695,-0.5,2.08493,0.654785
2.695,-0.4,2.81704,0.652785
2.695,-0.3,2.61014,0.600788
2.695,-0.2,3.27859,1.00964
2.695,-0.1,2.78521,0.539075
2.695,0,3.29451,0.593264
2.695,0.1,3.61282,0.586133
2.695,0.2,3.05577,0.54034
2.695,0.3,4.09028,0.653212
2.695,0.4,6.44578,0.883884
2.695,0.5,14.8969,1.81367
2.695,0.6,37.5287,4.08894
2.695,0.7,76.6013,8.03786
2.695,0.8,125.621,12.9513
2.695,0.87,151.627,20.1099
2.705,-0.8,7.32113,2.30005
2.705,-0.7,5.79324,1.29825
2.705,-0.6,3.13535,0.840526
2.705,-0.5,2.6738,0.719944
2.705,-0.4,2.72155,0.648722
2.705,-0.3,2.13268,0.494037
2.705,-0.2,2.83296,0.859708
2.705,-0.1,2.70563,0.521339
2.705,0,2.59423,0.488399
2.705,0.1,2.8807,0.5042
2.705,0.2,3.81972,0.62396
2.705,0.3,3.72423,0.618161
2.705,0.4,7.1938,0.971241
2.705,0.5,14.8014,1.84304
2.705,0.6,36.9876,4.1198
2.705,0.7,73.5137,7.87834
2.705,0.8,121.133,12.583
2.705,0.87,151.579,24.9225
2.715,-0.8,7.62352,2.17515
2.715,-0.7,3.96296,0.960881
2.715,-0.6,2.99211,0.746916
2.715,-0.5,1.81437,0.555667
2.715,-0.4,2.13268,0.537501
2.715,-0.3,1.8462,0.438633
2.715,-0.2,2.4669,0.609222
2.715,-0.1,1.97352,0.401929
2.715,0,2.51465,0.457315
2.715,0.1,2.92845,0.494037
2.715,0.2,3.10352,0.517254
2.715,0.3,4.63141,0.6767
2.715,0.4,6.03197,0.810349
2.715,0.5,15.3903,1.81966
2.715,0.6,35.2369,3.80972
2.715,0.7,68.2934,7.16415
2.715,0.8,133.245,13.6812
2.715,0.87,158.662,31.6954
2.725,-0.8,7.16197,2.50769
2.725,-0.7,3.77197,1.04155
2.725,-0.6,2.26,0.690563
2.725,-0.5,1.90986,0.588873
2.725,-0.4,3.07169,0.664172
2.725,-0.3,2.57831,0.556687
2.725,-0.2,2.84887,0.756013
2.725,-0.1,2.94437,0.547467
2.725,0,2.62606,0.490097
2.725,0.1,2.51465,0.457315
2.725,0.2,2.6738,0.479381
2.725,0.3,3.10352,0.517254
2.725,0.4,6.38211,0.857668
2.725,0.5,16.2497,1.91783
2.725,0.6,33.343,3.65455
2.725,0.7,67.9592,7.12748
2.725,0.8,122.645,12.628
2.725,0.87,179.447,74.7757
2.755,-0.8,4.87014,1.63399
2.755,-0.7,3.26268,0.93418
2.755,-0.6,2.54648,0.715313
2.755,-0.5,2.19634,0.643435
2.755,-0.4,2.45099,0.623181
2.755,-0.3,1.35282,0.375366
2.755,-0.21,3.26268,1.51567
2.755,-0.1,2.72155,0.577452
2.755,0,2.43507,0.60794
2.755,0.1,1.79845,0.422193
2.755,0.2,2.33958,0.663332
2.755,0.3,2.64197,0.464438
2.755,0.4,5.36352,0.7619
2.755,0.5,11.5228,1.43749
2.755,0.6,27.9794,3.10783
2.755,0.7,58.378,6.17263
2.755,0.8,111.186,11.4857
2.755,0.86,138.035,16.1437
2.765,-0.8,4.98155,1.7896
2.765,-0.7,3.43775,0.910884
2.765,-0.6,2.13268,0.64129
2.765,-0.5,1.89394,0.469604
2.765,-0.4,1.65521,0.460494
2.765,-0.3,1.78254,0.615261
2.765,-0.2,1.79845,0.49535
2.765,-0.1,1.83028,0.395092
2.765,0,2.13268,0.423651
2.765,0.1,2.54648,0.445918
2.765,0.2,2.94437,0.507864
2.765,0.3,2.37141,0.422888
2.765,0.4,5.79324,0.792739
2.765,0.5,11.7616,1.4567
2.765,0.6,27.4542,3.0263
2.765,0.7,65.349,6.86429
2.765,0.8,118.857,12.245
2.765,0.86,137.064,16.5607
2.775,-0.7,3.05577,0.852429
2.775,-0.6,2.49873,0.698741
2.775,-0.5,2.02127,0.59258
2.775,-0.4,2.19634,0.554636
2.775,-0.3,2.53056,0.554492
2.775,-0.2,2.16451,0.568065
2.775,-0.1,1.94169,0.400375
2.775,0,1.79845,0.37954
2.775,0.1,2.40324,0.437896
2.775,0.2,2.19634,0.413325
2.775,0.3,2.96028,0.49593
2.775,0.4,4.34493,0.681638
2.775,0.5,10.4087,1.31022
2.775,0.6,27.5816,3.05134
2.775,0.7,57.3276,6.04757
2.775,0.8,112.252,11.5733
2.775,0.86,142.253,17.3673
2.785,-0.7,2.11676,0.731575
2.785,-0.6,2.41916,0.695935
2.785,-0.5,1.98944,0.606514
2.785,-0.4,2.37141,0.590808
2.785,-0.3,2.4669,0.565896
2.785,-0.2,2.00535,0.547354
2.785,-0.1,1.78254,0.392904
2.785,0,2.26,0.443823
2.785,0.1,2.03718,0.391417
2.785,0.2,2.06901,0.406702
2.785,0.3,2.22817,0.415025
2.785,0.4,4.13803,0.631827
2.785,0.5,9.4538,1.22553
2.785,0.6,26.1173,2.91257
2.785,0.7,58.187,6.1494
2.785,0.8,105.79,10.9518
2.785,0.86,140.693,16.8273
2.795,-0.8,5.4431,1.89426
2.795,-0.7,2.99211,0.895017
2.795,-0.6,1.95761,0.650842
2.795,-0.5,1.59155,0.564047
2.795,-0.4,1.86211,0.52735
2.795,-0.3,1.36873,0.405755
2.795,-0.2,2.49873,0.654375
2.795,-0.1,1.3369,0.345245
2.795,0,1.98944,0.416624
2.795,0.1,2.16451,0.425262
2.795,0.2,1.86211,0.424944
2.795,0.3,2.78521,0.485683
2.795,0.4,4.36085,0.658479
2.795,0.5,9.08775,1.20794
2.795,0.6,27.7089,3.11923
2.795,0.7,57.6618,6.13154
2.795,0.8,114.194,11.8378
2.795,0.86,116.629,14.6111
2.805,-0.8,3.51732,1.36701
2.805,-0.7,2.22817,0.734876
2.805,-0.6,2.03718,0.623115
2.805,-0.5,0.779859,0.358721
2.805,-0.4,2.13268,0.552146
2.805,-0.3,2.06901,0.476934
2.805,-0.2,1.78254,0.630511
2.805,-0.1,1.68704,0.374389
2.805,0,2.13268,0.423651
2.805,0.1,1.90986,0.37121
2.805,0.2,2.11676,0.409152
2.805,0.3,2.53056,0.432014
2.805,0.4,4.50408,0.644899
2.805,0.5,8.88085,1.15095
2.805,0.6,24.7645,2.76308
2.805,0.7,53.0304,5.63647
2.805,0.8,102.05,10.5535
2.805,0.86,104.469,12.7843
2.815,-0.8,2.86479,1.19663
2.815,-0.7,2.35549,0.784238
2.815,-0.6,2.65789,0.763925
2.815,-0.5,1.24141,0.462602
2.815,-0.3,1.46423,0.423974
2.815,-0.2,1.28916,0.509944
2.815,-0.1,1.14592,0.293829
2.815,0,1.81437,0.394358
2.815,0.1,2.0531,0.433653
2.815,0.2,2.18042,0.453714
2.815,0.3,2.99211,0.523627
2.815,0.4,4.83831,0.725886
2.815,0.5,10.1859,1.364
2.815,0.6,20.897,2.47222
2.815,0.7,54.0013,5.95692
2.815,0.8,98.1986,10.2891
2.815,0.86,139.913,17.2503
2.825,-0.8,4.04254,1.53435
2.825,-0.7,2.72155,0.825983
2.825,-0.6,2.89662,0.967479
2.825,-0.5,1.52789,0.516496
2.825,-0.4,1.40056,0.543564
2.825,-0.3,1.55972,0.442222
2.825,-0.2,1.65521,0.62703
2.825,-0.1,1.19366,0.310352
2.825,0,1.59155,0.355881
2.825,0.1,1.62338,0.343214
2.825,0.2,1.83028,0.381059
2.825,0.3,2.32366,0.407063
2.825,0.4,3.70831,0.579746
2.825,0.5,9.02409,1.17213
2.825,0.6,22.3772,2.54371
2.825,0.7,51.789,5.51983
2.825,0.8,105.997,10.9759
2.825,0.86,121.531,15.1942
2.835,-0.8,3.53324,1.47532
2.835,-0.7,2.86479,0.890841
2.835,-0.6,1.60746,0.579772
2.835,-0.5,1.08225,0.443137
2.835,-0.4,1.24141,0.539683
2.835,-0.3,1.86211,0.617613
2.835,-0.2,1.13,0.490654
2.835,-0.1,0.986761,0.273098
2.835,0,1.62338,0.357316
2.835,0.1,1.67113,0.359511
2.835,0.2,2.57831,0.487555
2.835,0.3,1.90986,0.37121
2.835,0.4,3.5969,0.572684
2.835,0.5,7.94183,1.05883
2.835,0.6,20.8175,2.3763
2.835,0.7,47.5078,5.0969
2.835,0.8,90.7661,9.44445
2.835,0.86,117.345,15.4659
